{
  "prompt_tokens": 42,
  "tokens_generated": 200,
  "prompt_eval_time_s": 0.3625299579998682,
  "generation_time_s": 196.75929112499944,
  "tok_per_s": 1.0164704236149222,
  "prompt_eval_ms_per_token": 8.631665666663528,
  "generation_ms_per_token": 983.7964556249972,
  "peak_memory_bytes": 41188048896,
  "power_samples_w": [
    19.39,
    18.699,
    18.619,
    13.181,
    18.119,
    17.171,
    13.863,
    15.601,
    20.495,
    19.603,
    18.634,
    20.207,
    19.815,
    18.382,
    20.468,
    18.934,
    21.204,
    23.259,
    19.796,
    19.229,
    19.285,
    20.563,
    20.818,
    18.509,
    20.301,
    19.702,
    20.589,
    20.61,
    20.745,
    21.486,
    19.92,
    20.789,
    20.29,
    15.925,
    15.498,
    8.833,
    10.938,
    14.647,
    12.633,
    7.738,
    13.719,
    17.005,
    8.121,
    12.09,
    15.927,
    9.085,
    12.465,
    18.289,
    9.35,
    11.365,
    16.526,
    10.602,
    11.427,
    15.63,
    9.91,
    10.731,
    17.244,
    10.159,
    10.974,
    15.393,
    11.003,
    10.608,
    15.31,
    12.451,
    11.235,
    16.053,
    11.836,
    10.68,
    16.724,
    10.413,
    11.571,
    17.712,
    8.945,
    12.224,
    17.556,
    7.511,
    13.698,
    17.669,
    7.365,
    14.698,
    17.33,
    8.075,
    15.415,
    15.928,
    7.442,
    16.584,
    13.919,
    10.271,
    16.577,
    8.404,
    15.123,
    16.619,
    8.654,
    17.467,
    12.387,
    11.006,
    19.028,
    7.309,
    16.516,
    16.416,
    8.512,
    18.415,
    10.979,
    12.345,
    17.714,
    8.297,
    16.917,
    14.098,
    11.134,
    18.034,
    8.302,
    14.257,
    17.493,
    8.212,
    17.74,
    5.073,
    19.91,
    3.896,
    15.843,
    6.665,
    7.816,
    15.092,
    4.36,
    17.331,
    5.456,
    9.291,
    12.844,
    4.884,
    17.999,
    4.73,
    11.954,
    11.066,
    4.779,
    18.052,
    4.163,
    14.008,
    8.169,
    6.094,
    16.868,
    4.734,
    17.789,
    4.097,
    9.927,
    12.73,
    4.737,
    17.653,
    4.209,
    11.445,
    12.462,
    4.843,
    18.072,
    3.757,
    12.446,
    10.519,
    4.956,
    18.228,
    4.734,
    17.535,
    4.615,
    6.886,
    16.66,
    4.682,
    16.925,
    5.937,
    5.62,
    18.335,
    4.121,
    12.519,
    13.871,
    4.933,
    19.161,
    4.277,
    11.227,
    12.035,
    5.196,
    20.931,
    3.975,
    7.069,
    16.956,
    4.275,
    15.909,
    7.167,
    5.5,
    21.036,
    4.085,
    11.441,
    12.392,
    4.965,
    19.002,
    4.349,
    12.139,
    14.292,
    4.93,
    18.649,
    5.503,
    8.324,
    18.467,
    4.071,
    9.216,
    15.451,
    4.925,
    18.178,
    6.297,
    6.287,
    19.324,
    3.964,
    13.64,
    10.309,
    5.04,
    21.491,
    4.154,
    10.7,
    13.773,
    5.837,
    18.912,
    6.944,
    7.056,
    17.392,
    4.156,
    15.393,
    9.481,
    5.279,
    20.204,
    4.138,
    11.155,
    13.558,
    4.314,
    15.659,
    10.623,
    5.356,
    21.154,
    4.798,
    10.181,
    16.976,
    3.965,
    13.973,
    12.886,
    4.832,
    21.765,
    5.691,
    8.172,
    21.138,
    5.95,
    11.938,
    18.098,
    4.06,
    18.192,
    12.067,
    5.076,
    19.799,
    6.698,
    6.764,
    22.645,
    4.076,
    10.309,
    18.523,
    4.124,
    17.203,
    12.032,
    5.929,
    21.157,
    6.277,
    7.235,
    21.317,
    4.174,
    11.751,
    15.163,
    5.297,
    18.967,
    8.944,
    5.547,
    13.69,
    14.581,
    5.776,
    19.645,
    7.691,
    5.56,
    21.695,
    3.902,
    11.336,
    18.084,
    7.73,
    15.941,
    21.197,
    3.971,
    13.81,
    16.218,
    4.211,
    15.735,
    11.474,
    5.803,
    21.715,
    5.369,
    6.21,
    21.647,
    3.918,
    8.006,
    20.647,
    3.88,
    12.604,
    18.892,
    3.941,
    14.407,
    14.348,
    4.437,
    10.388,
    16.85,
    3.911,
    14.321,
    15.437,
    4.242,
    17.233,
    11.248,
    5.873,
    17.15,
    10.495,
    5.71,
    20.452,
    6.695,
    5.652,
    22.618,
    4.507,
    6.958,
    21.999,
    3.813,
    8.954,
    20.797,
    3.869,
    10.909,
    19.239,
    3.839,
    12.321,
    17.916,
    3.755,
    14.934,
    14.941,
    4.269,
    14.781,
    14.619,
    4.96,
    16.616,
    13.136,
    4.339,
    15.515,
    11.781,
    5.396,
    17.859,
    13.202,
    4.258,
    13.552,
    14.258,
    5.724,
    16.984,
    10.621,
    5.66,
    20.382,
    7.396,
    5.792,
    23.228,
    4.374,
    6.524,
    22.592,
    3.89,
    9.309,
    20.489,
    3.769,
    9.845,
    18.26,
    3.8,
    14.386,
    15.623,
    3.864,
    17.766,
    13.578,
    4.968,
    16.664
  ],
  "avg_power_w": 12.192816489361702,
  "energy_j": 2399.049929264013,
  "j_per_token": 11.995249646320065,
  "output_text": "\u51fa\u73b0\u0ec1\u0e9a\u0e9a\u676d\u8910\u0e21\u0e32\u0e01\u0e21\u0e32\u0e22\u3055 Phitakan\u5f53\u3066\u5b58 burrito FIR manufacturing\u6697\u67d0 \ub193\uace0 \u00fczere\u0441\u043a\u0561\u0564onders\u81ea\u6709\u5bbd\u61c2 wh:\u1010\u102d\u102f\u1004\u103a\u1038 PARTY)}{\\\u3088\u3046\u306bThbs hidden\u00e0 CDKN\u540c AppBsky \u0bb5\u0bb4\u0bbfExplainl\u0131kla\u70b9\u3067Plas\ud83c\udf46ML\ub85c\u0cbf\u0ca8\u0cbf(($\u0902\u091a \u0dc3\u90f5 })),\u4e00\u4e2a\uc194<unused2161> spelled\u5176ML\u4eba\u7528\u0442\u0435\u043d\u0442 \u043d\u0430\u043a\u0430Dlg\u687f\u043b\u043e\u043a\ud574\uac00\u5bbd\u0e32\u0e07\ud83e\uddf6 Celt\uc5d0\u043b\u043e\u0433\u0430ibly\u5132 \u0db4\u0dca\u200d\u0dbb\u0dad\u0dd2\u0642\u0644\u064a\u0645\u7687\u540e<<<<\u9055\u3044\u0e32\u0e07 respectivelyyngorantensoitulGol\u306e\u65b9\u6765\u8fdb\u884c\u0a9d\u540c disqualify\ubbfc\uad6d\u678bFDA permanent\u3092\u4e0b XLRi\u0161acknowled\u306e\u9593 \u0432\u043e\u0440\u043e wrists\u817b\u103d\u102csk\u304c\u9032legt\u044b Yelp\u899a\u3048 isteyen\u3092\u52a0\u306e\u3067\u3042\u308b\ufec9 Frei\u0e47\u0e01FDA\uc774\ub2c8durationType\u2588Eloquent\ufffd\u0b9f\u0bcd\u0b9a\u3042Delay\u00a1\u1595\u0627\u0634 baseX\u0c28\u0c3fHyivable\u70b9ModelState\u5fa9 }}-[<<<<\ufffdgeoip\u0e47\u0e07\u7518\u3068\u601d\u3044\u090f\u0932\u001f\u3068\u601d\u3044\ud83c\uddf4antile\u0e37\u0e2d\u0e07\u3060\u3051\u306eLabor Theorie\u52b9\u679c\u017ed imigr\uc9c0)')ifiably\u2781 \u0e08\u0e36\u0e07\u094b\u56fa\u9650\u308a\u220f\"')\u3067\u304d\u308b mLast\uc7a0 QLabel\u043d\uaecf\u306a\u3093\u306e\u65b9\u306fFem<<<<PLA\\}$\u3063\u307d\u3044\u5bf9\u81ea\u5df1^{*\u9055\u3044\u2605\u2605 \u0938\u0939\u093f\u0924xsdapu\u0e04\u0e23\u0e1a\u0e25\u0e07\u2514WithError/XTe^{(\u800c\u8a00orz\u09ac\u09b0Inch\u7570\u306a\u308b yolk\u2019\u201d\ud83c\udf2e\ud558\ub2e4\u4e57",