{
  "prompt_tokens": 44,
  "tokens_generated": 200,
  "prompt_eval_time_s": 0.36976345800030685,
  "generation_time_s": 204.6631201250002,
  "tok_per_s": 0.9772156306316832,
  "prompt_eval_ms_per_token": 8.403714954552429,
  "generation_ms_per_token": 1023.3156006250009,
  "peak_memory_bytes": 38982631424,
  "power_samples_w": [
    18.186,
    18.72,
    18.879,
    19.291,
    19.896,
    18.744,
    18.779,
    19.074,
    18.341,
    18.968,
    19.212,
    19.128,
    19.562,
    18.675,
    20.055,
    17.766,
    19.668,
    19.429,
    20.959,
    18.709,
    19.053,
    19.123,
    20.266,
    19.279,
    20.538,
    20.444,
    19.903,
    19.368,
    20.799,
    14.157,
    15.322,
    5.5,
    13.538,
    11.563,
    6.74,
    14.999,
    9.609,
    9.498,
    13.414,
    8.352,
    10.306,
    14.325,
    7.266,
    12.031,
    9.587,
    7.728,
    14.243,
    6.854,
    11.423,
    12.186,
    6.992,
    13.358,
    8.335,
    10.581,
    13.883,
    4.64,
    14.134,
    6.362,
    13.339,
    4.966,
    14.867,
    9.779,
    9.897,
    15.335,
    5.636,
    13.786,
    9.37,
    11.588,
    11.626,
    8.162,
    14.913,
    8.187,
    14.694,
    5.445,
    13.279,
    8.284,
    13.489,
    16.713,
    7.452,
    14.735,
    7.625,
    14.155,
    4.436,
    13.341,
    7.619,
    11.638,
    16.062,
    4.393,
    14.768,
    4.662,
    14.905,
    14.611,
    7.983,
    15.761,
    7.022,
    16.577,
    6.651,
    15.509,
    8.686,
    12.666,
    15.994,
    5.464,
    16.699,
    7.85,
    13.808,
    7.659,
    13.62,
    10.774,
    10.034,
    17.726,
    5.871,
    16.653,
    11.369,
    9.724,
    14.77,
    6.537,
    16.319,
    7.571,
    14.59,
    6.698,
    16.127,
    3.92,
    16.81,
    5.025,
    5.136,
    17.658,
    4.276,
    15.492,
    5.705,
    4.599,
    18.122,
    4.801,
    10.932,
    10.563,
    5.348,
    16.693,
    5.754,
    5.186,
    16.952,
    4.291,
    9.423,
    13.034,
    4.622,
    15.094,
    5.857,
    6.317,
    15.873,
    4.661,
    12.796,
    6.869,
    4.92,
    17.288,
    3.369,
    9.624,
    14.116,
    4.538,
    15.224,
    4.485,
    8.839,
    13.963,
    4.696,
    13.287,
    7.121,
    7.223,
    19.25,
    6.262,
    8.574,
    15.765,
    5.479,
    14.575,
    9.643,
    4.761,
    17.928,
    5.112,
    5.54,
    18.028,
    3.947,
    11.174,
    10.492,
    5.556,
    17.922,
    4.222,
    4.778,
    19.02,
    4.133,
    6.246,
    15.385,
    3.586,
    12.575,
    14.174,
    3.684,
    8.002,
    14.253,
    4.637,
    13.205,
    7.404,
    5.694,
    19.537,
    6.778,
    4.893,
    17.209,
    8.428,
    5.284,
    18.096,
    8.204,
    5.093,
    18.976,
    4.172,
    6.703,
    20.315,
    4.52,
    6.883,
    18.595,
    3.537,
    11.302,
    13.576,
    3.61,
    8.101,
    16.473,
    3.432,
    10.464,
    15.388,
    4.66,
    17.892,
    4.023,
    4.37,
    18.031,
    4.631,
    4.855,
    19.738,
    4.702,
    5.937,
    15.678,
    3.322,
    5.933,
    18.452,
    3.715,
    12.205,
    9.52,
    3.42,
    16.288,
    7.834,
    4.737,
    19.862,
    4.026,
    5.589,
    16.501,
    3.396,
    6.781,
    18.641,
    4.28,
    6.796,
    20.48,
    4.067,
    12.654,
    13.528,
    3.142,
    10.745,
    14.242,
    3.329,
    8.446,
    17.29,
    3.799,
    9.032,
    14.047,
    3.232,
    10.845,
    13.941,
    3.32,
    8.262,
    16.507,
    3.668,
    7.47,
    16.052,
    3.507,
    14.439,
    10.975,
    3.302,
    10.773,
    13.571,
    3.577,
    9.795,
    15.376,
    3.901,
    9.173,
    14.544,
    3.36,
    10.851,
    13.819,
    3.458,
    9.985,
    15.671,
    3.824,
    10.678,
    12.476,
    4.028,
    16.191,
    9.221,
    4.841,
    18.818,
    3.606,
    8.691,
    16.573,
    3.986,
    16.274,
    7.547,
    5.333,
    19.829,
    3.911,
    9.595,
    14.042,
    5.001,
    16.867,
    7.261,
    5.064,
    20.769,
    4.965,
    9.376,
    15.58,
    3.675,
    14.515,
    8.772,
    5.685,
    18.197,
    3.919,
    12.537,
    10.586,
    4.752,
    18.191,
    3.835,
    11.222,
    13.055,
    4.71,
    16.445,
    6.833,
    5.739,
    18.659,
    6.451,
    5.572,
    21.917,
    3.797,
    6.12,
    19.768,
    3.878,
    14.967,
    9.961,
    5.281,
    20.185,
    4.035,
    13.525,
    11.867,
    5.13,
    17.992,
    6.789,
    6.997,
    19.211,
    3.729,
    10.543,
    18.388,
    3.181,
    6.261,
    17.483,
    3.723,
    11.895,
    12.261,
    5.447,
    20.213,
    3.667,
    10.206,
    15.33,
    5.521,
    18.733,
    4.792,
    9.078,
    16.478,
    3.974,
    17.975,
    7.656,
    6.597,
    19.534,
    3.623,
    16.012,
    9.966,
    5.227,
    20.948,
    4.227,
    11.901
  ],
  "avg_power_w": 10.870702842377263,
  "energy_j": 2224.831961672639,
  "j_per_token": 11.124159808363196,
  "output_text": "})^{\u601d\u3044DCUNTodoc\ufffd auffiamom\ud569\u1001\u103c\u1004\u103a\u1038\u3092\u9032 tangentehibalamiObjectClassentgen+}\\ \u043f\u0440\u0438\u0433\u043e-}Si \u12a5\u1295\u12f0\u121a\u65f6\u4e0dioni XHTMLMA\u800c\u5df2\u0ba9\u0bcd\u0bb1 unknowingly\u800c\u5df2\u3092\u4e0b\u3044\u305f\u3060\u304d\u307e\u3057\u305f\u5012omyosin\u90e8\u5206\u0645\u0627\u540c\u043c\u0435\u043d\u0442\u0438Rack\u0e40\u0e25\u0e22 i\u015fte\u5e03Info\u2610\u0cbf\u0cb0\u0cbf Zell\u0432\u0435\u0434 Fourteen\u0d2f\u0d3f\u0d32\u0d41\u0d02\u0e04\u2d3c\ud0dc\ud835\udfec\u0926\u0924\u0e04\u0e4c\u6f6edefineProperty\u4e86\u062a\u064a\u0628\u800c\u5df2\ub4ec\u0e32\u0e07t\u0131In\u6bbb Kitty***\u53ca\u20ba\u629e\ub098\uac00\u6075FileDialog*-\u0627\u0628\u0633\u9589\u3058 \ub54c\ubb38\uc774\ub2e4\uc138\uc694 correspondeorong\u0e40\u0e23\u203b.}$\u3092\u4e0b \u09af\u09c7\u09a6\u09bf\u09a8 \ubb50\ub77c\uace0\ub1fd\u3044OfType }];a FDIC\u0e40\u0e2a\u0e35\u0e22\u0e2b\u0e32\u0e22Info drywall \uc544\ub2ccango Puma[*\u2061silyl\u0420\u0423aminase<tfoot>\u0644\u0648\u06ba\u30a6\u30b6\uc720\ub86dById Itaost\u00edusercontent diffract\u2588 infertTL\u4e0b\u4e86\u0441\u043a\u4e86\u81ea\u5df1\u7684\u90a3\u4e19\ub1fd CDKNsignOutCloseOperation\u4e00\u4e2a\ud83d\udc9a\u0434\u043e\u0440\u0430\u0638\u610a\u8606\ud150\uce20\u179f\u17d2\u179b\u5176\u5b9ebtnUn\u0e2d vomitDEFG\ub974\uace0<<<<\ud83d\udfe6\ub760\u7570\u306a\u308b\u81ea\u5728\u0e40\u0e1b\u0e47\u0e19xsd\u307e\u3067\u306f\ud588\ub2e4\uace0 ((*\u846c akhirnya\u0642\u064a \u0628\u0627\u0644\u063a\u3092\u7d4c\u3066\u4e0a<unused2103> \uac01 atheistule\ufed2Yb\u5408\u3063\u305f\u8ae6 \ub098\uc624\u3142\u6643 getNFiles\u2011\u4f55\u306eutage****\u516c\u793a\u90a3\u9055\u3044iml\u200d\u2640\ufe0f \u05dc\u05d3 nguy\u00ean\u306e\u3082 VRS\u0e2d\u0e22\u0e39\u0e48\u0b95\u0bcd\u4ee4\u09a5\u09bf\u09b2tronearser\u306b\u53d6\u308aikimabmux}],\u0437\u0433\u4e2d\u6240****\ud83d\udd1f\u0433\u043d\u0438\u4e4b\u4e2d\u043d\u0434\u0438\u5426 \uac19\ub2e4\u0641\u064a\u0642",