{
  "prompt_tokens": 0,
  "tokens_generated": 20,
  "prompt_eval_time_s": 0.0,
  "generation_time_s": 0.34782608695652173,
  "tok_per_s": 57.5,
  "prompt_eval_ms_per_token": 0.0,
  "generation_ms_per_token": 17.391304347826086,
  "peak_memory_bytes": 22003712,
  "power_samples_w": [
    19.582,
    25.22,
    11.587
  ],
  "avg_power_w": 18.796333333333333,
  "energy_j": 6.537855072463768,
  "j_per_token": 0.32689275362318837,
  "output_text": "\nLoading model... |\b-\b\\\b|\b/\b-\b\\\b|\b/\b-\b\\\b \b\n\n\n\u2584\u2584 \u2584\u2584\n\u2588\u2588 \u2588\u2588\n\u2588\u2588 \u2588\u2588  \u2580\u2580\u2588\u2584 \u2588\u2588\u2588\u2584\u2588\u2588\u2588\u2584  \u2580\u2580\u2588\u2584    \u2584\u2588\u2588\u2588\u2588 \u2588\u2588\u2588\u2588\u2584 \u2588\u2588\u2588\u2588\u2584\n\u2588\u2588 \u2588\u2588 \u2584\u2588\u2580\u2588\u2588 \u2588\u2588 \u2588\u2588 \u2588\u2588 \u2584\u2588\u2580\u2588\u2588    \u2588\u2588    \u2588\u2588 \u2588\u2588 \u2588\u2588 \u2588\u2588\n\u2588\u2588 \u2588\u2588 \u2580\u2588\u2584\u2588\u2588 \u2588\u2588 \u2588\u2588 \u2588\u2588 \u2580\u2588\u2584\u2588\u2588 \u2588\u2588 \u2580\u2588\u2588\u2588\u2588 \u2588\u2588\u2588\u2588\u2580 \u2588\u2588\u2588\u2588\u2580\n                                    \u2588\u2588    \u2588\u2588\n                                    \u2580\u2580    \u2580\u2580\n\nbuild      : b8990-660b1b4bd\nmodel      : Gemopus-4-E4B-it-Preview-Q4_K_M.gguf\nmodalities : text\n\navailable commands:\n  /exit or Ctrl+C     stop or exit\n  /regen              regenerate the last response\n  /clear              clear the chat history\n  /read <file>        add a text file\n  /glob <pattern>     add text files using globbing pattern\n\n\n> Describe the process of photosynthesis at a high-school level. Cover the inputs, outputs, and where the reaction takes place. Keep your answer to roughly four sentences.\n\n|\b-\b \bPhotosynthesis is the process where plants convert light energy into chemical energy. They take in **carbon dioxide\n\n[ Prompt: 290.5 t/s | Generation: 57.5 t/s ]\n\nExiting...\n",
  "all_power_samples_w": [
    19.582,
    25.22,
    11.587,
    11.01,
    8.141,
    8.301,
    8.526,
    8.397,
    7.979,
    6.488,
    6.849,
    7.876
  ],
  "all_avg_power_w": 10.829666666666666,
  "n_power_samples_all": 12,
  "n_power_samples_active": 3,
  "_llama_cli_stderr_tail": "load_backend: loaded BLAS backend from /opt/homebrew/Cellar/ggml/0.10.1/libexec/libggml-blas.so\nggml_metal_device_init: tensor API disabled for pre-M5 and pre-A19 devices\nggml_metal_library_init: using embedded metal library\nggml_metal_library_init: loaded in 0.008 sec\nggml_metal_rsets_init: creating a residency set collection (keep_alive = 180 s)\nggml_metal_device_init: GPU name:   MTL0 (Apple M4 Pro)\nggml_metal_device_init: GPU family: MTLGPUFamilyApple9  (1009)\nggml_metal_device_init: GPU family: MTLGPUFamilyCommon3 (3003)\nggml_metal_device_init: GPU family: MTLGPUFamilyMetal4  (5002)\nggml_metal_device_init: simdgroup reduction   = true\nggml_metal_device_init: simdgroup matrix mul. = true\nggml_metal_device_init: has unified memory    = true\nggml_metal_device_init: has bfloat            = true\nggml_metal_device_init: has tensor            = false\nggml_metal_device_init: use residency sets    = true\nggml_metal_device_init: use shared buffers    = true\nggml_metal_device_init: recommendedMaxWorkingSetSize  = 55662.79 MB\nload_backend: loaded MTL backend from /opt/homebrew/Cellar/ggml/0.10.1/libexec/libggml-metal.so\nload_backend: loaded CPU backend from /opt/homebrew/Cellar/ggml/0.10.1/libexec/libggml-cpu-apple_m4.so\ncommon_memory_breakdown_print: | memory breakdown [MiB]  | total    free    self   model   context   compute    unaccounted |\ncommon_memory_breakdown_print: |   - MTL0 (Apple M4 Pro) | 53084 = 45404 + (7678 =  5073 +    2088 +     517) +           0 |\ncommon_memory_breakdown_print: |   - Host                |                  3019 =  2730 +       0 +     289                |\nggml_metal_free: deallocating",
  "llamacpp_generation_tps": 57.5,
  "llamacpp_prompt_tps": 290.5,
  "label": "row4_phase1_5_probe_20t",
  "format": "llamacpp_gguf",
  "model": "/Users/syn/.cache/huggingface_phase1_5/hub/models--Jackrong--Gemopus-4-E4B-it-GGUF/snapshots/a5a3949c64948e72cd78a776774c8f16a07b71e6/Gemopus-4-E4B-it-Preview-Q4_K_M.gguf",
  "prompt": "Describe the process of photosynthesis at a high-school level. Cover the inputs, outputs, and where the reaction takes place. Keep your answer to roughly four sentences.",
  "system_prompt_prefix": "",
  "max_tokens": 20,
  "seed": 42,
  "timestamp_utc": "2026-05-02T06:56:50.454053+00:00",
  "host": "Mac-mini-Synapticode.local",
  "engine_versions": {
    "mlx": "0.31.2",
    "mlx_lm": "0.31.3",
    "mlx_vlm": "0.4.4",
    "torch": "2.7.0",
    "transformers": "5.5.4",
    "terncore": "0.4.0",
    "mlx-metal": "0.31.2",
    "llama_cli": "load_backend: loaded BLAS backend from /opt/homebrew/Cellar/ggml/0.10.1/libexec/libggml-blas.so"
  },
  "peak_memory_mib": 20.984375
}