{
  "prompt_tokens": 0,
  "tokens_generated": 200,
  "prompt_eval_time_s": 0.0,
  "generation_time_s": 3.5335689045936394,
  "tok_per_s": 56.6,
  "prompt_eval_ms_per_token": 0.0,
  "generation_ms_per_token": 17.667844522968196,
  "peak_memory_bytes": 22183936,
  "power_samples_w": [
    16.944,
    26.293,
    26.73,
    29.01,
    20.857,
    9.01
  ],
  "avg_power_w": 21.474,
  "energy_j": 75.87985865724382,
  "j_per_token": 0.3793992932862191,
  "output_text": "\nLoading model... |\b-\b\\\b|\b/\b-\b\\\b|\b/\b-\b\\\b \b\n\n\n\u2584\u2584 \u2584\u2584\n\u2588\u2588 \u2588\u2588\n\u2588\u2588 \u2588\u2588  \u2580\u2580\u2588\u2584 \u2588\u2588\u2588\u2584\u2588\u2588\u2588\u2584  \u2580\u2580\u2588\u2584    \u2584\u2588\u2588\u2588\u2588 \u2588\u2588\u2588\u2588\u2584 \u2588\u2588\u2588\u2588\u2584\n\u2588\u2588 \u2588\u2588 \u2584\u2588\u2580\u2588\u2588 \u2588\u2588 \u2588\u2588 \u2588\u2588 \u2584\u2588\u2580\u2588\u2588    \u2588\u2588    \u2588\u2588 \u2588\u2588 \u2588\u2588 \u2588\u2588\n\u2588\u2588 \u2588\u2588 \u2580\u2588\u2584\u2588\u2588 \u2588\u2588 \u2588\u2588 \u2588\u2588 \u2580\u2588\u2584\u2588\u2588 \u2588\u2588 \u2580\u2588\u2588\u2588\u2588 \u2588\u2588\u2588\u2588\u2580 \u2588\u2588\u2588\u2588\u2580\n                                    \u2588\u2588    \u2588\u2588\n                                    \u2580\u2580    \u2580\u2580\n\nbuild      : b8990-660b1b4bd\nmodel      : Gemopus-4-E4B-it-Preview-Q4_K_M.gguf\nmodalities : text\n\navailable commands:\n  /exit or Ctrl+C     stop or exit\n  /regen              regenerate the last response\n  /clear              clear the chat history\n  /read <file>        add a text file\n  /glob <pattern>     add text files using globbing pattern\n\n\n> Describe the process of photosynthesis at a high-school level. Cover the inputs, outputs, and where the reaction takes place. Keep your answer to roughly four sentences.\n\n|\b-\b \bPhotosynthesis is the process where plants convert light energy into chemical energy. They take in **carbon dioxide** ($\\text{CO}_2$) from the air and **water** ($\\text{H}_2\\text{O}$) from their roots. Inside the chloroplasts of their leaves, they use sunlight to convert these into **glucose** (sugar, which is their food) and **oxygen** ($\\text{O}_2$) as a byproduct. This process is essential for almost all life on Earth, as it produces the oxygen we breathe.\n\n[ Prompt: 290.8 t/s | Generation: 56.6 t/s ]\n\nExiting...\n",
  "all_power_samples_w": [
    16.944,
    26.293,
    26.73,
    29.01,
    20.857,
    9.01,
    6.708,
    8.732,
    7.355,
    8.493,
    6.156,
    6.124,
    6.581,
    6.575
  ],
  "all_avg_power_w": 13.254857142857144,
  "n_power_samples_all": 14,
  "n_power_samples_active": 6,
  "_llama_cli_stderr_tail": "load_backend: loaded BLAS backend from /opt/homebrew/Cellar/ggml/0.10.1/libexec/libggml-blas.so\nggml_metal_device_init: tensor API disabled for pre-M5 and pre-A19 devices\nggml_metal_library_init: using embedded metal library\nggml_metal_library_init: loaded in 0.009 sec\nggml_metal_rsets_init: creating a residency set collection (keep_alive = 180 s)\nggml_metal_device_init: GPU name:   MTL0 (Apple M4 Pro)\nggml_metal_device_init: GPU family: MTLGPUFamilyApple9  (1009)\nggml_metal_device_init: GPU family: MTLGPUFamilyCommon3 (3003)\nggml_metal_device_init: GPU family: MTLGPUFamilyMetal4  (5002)\nggml_metal_device_init: simdgroup reduction   = true\nggml_metal_device_init: simdgroup matrix mul. = true\nggml_metal_device_init: has unified memory    = true\nggml_metal_device_init: has bfloat            = true\nggml_metal_device_init: has tensor            = false\nggml_metal_device_init: use residency sets    = true\nggml_metal_device_init: use shared buffers    = true\nggml_metal_device_init: recommendedMaxWorkingSetSize  = 55662.79 MB\nload_backend: loaded MTL backend from /opt/homebrew/Cellar/ggml/0.10.1/libexec/libggml-metal.so\nload_backend: loaded CPU backend from /opt/homebrew/Cellar/ggml/0.10.1/libexec/libggml-cpu-apple_m4.so\ncommon_memory_breakdown_print: | memory breakdown [MiB]  | total    free    self   model   context   compute    unaccounted |\ncommon_memory_breakdown_print: |   - MTL0 (Apple M4 Pro) | 53084 = 45404 + (7678 =  5073 +    2088 +     517) +           0 |\ncommon_memory_breakdown_print: |   - Host                |                  3019 =  2730 +       0 +     289                |\nggml_metal_free: deallocating",
  "llamacpp_generation_tps": 56.6,
  "llamacpp_prompt_tps": 290.8,
  "label": "row4_phase1_5_local_substrate",
  "format": "llamacpp_gguf",
  "model": "/Users/syn/.cache/huggingface_phase1_5/hub/models--Jackrong--Gemopus-4-E4B-it-GGUF/snapshots/a5a3949c64948e72cd78a776774c8f16a07b71e6/Gemopus-4-E4B-it-Preview-Q4_K_M.gguf",
  "prompt": "Describe the process of photosynthesis at a high-school level. Cover the inputs, outputs, and where the reaction takes place. Keep your answer to roughly four sentences.",
  "system_prompt_prefix": "",
  "max_tokens": 200,
  "seed": 42,
  "timestamp_utc": "2026-05-02T06:58:12.354729+00:00",
  "host": "Mac-mini-Synapticode.local",
  "engine_versions": {
    "mlx": "0.31.2",
    "mlx_lm": "0.31.3",
    "mlx_vlm": "0.4.4",
    "torch": "2.7.0",
    "transformers": "5.5.4",
    "terncore": "0.4.0",
    "mlx-metal": "0.31.2",
    "llama_cli": "load_backend: loaded BLAS backend from /opt/homebrew/Cellar/ggml/0.10.1/libexec/libggml-blas.so"
  },
  "peak_memory_mib": 21.15625
}