{
  "prompt_tokens": 42,
  "tokens_generated": 200,
  "prompt_eval_time_s": 0.3660769590642303,
  "generation_time_s": 48.66928895795718,
  "tok_per_s": 4.109367617282624,
  "prompt_eval_ms_per_token": 8.716118072957865,
  "generation_ms_per_token": 243.3464447897859,
  "peak_memory_bytes": 34344419328,
  "power_samples_w": [
    18.325,
    17.629,
    15.901,
    16.711,
    16.626,
    16.46,
    16.495,
    16.455,
    18.549,
    17.899,
    19.076,
    16.152,
    18.377,
    17.445,
    16.798,
    16.989,
    16.897,
    16.553,
    17.049,
    18.095,
    16.801,
    16.855,
    18.156,
    16.084,
    16.61,
    16.194,
    16.254,
    15.793,
    16.141,
    16.25,
    15.631,
    16.099,
    15.893,
    16.504,
    16.996,
    16.85,
    17.925,
    16.725,
    15.801,
    16.437,
    16.253,
    16.546,
    16.031,
    16.854,
    17.801,
    16.227,
    15.625,
    16.36,
    16.749,
    16.224,
    18.253,
    15.802,
    16.054,
    16.571,
    16.0,
    16.092,
    15.872,
    16.178,
    19.274,
    15.192,
    16.492,
    16.203,
    16.805,
    16.354,
    17.163,
    16.279,
    15.67,
    16.392,
    16.15,
    16.411,
    18.525,
    16.539,
    16.288,
    16.23,
    16.242,
    15.939,
    15.316,
    16.254,
    15.975,
    16.643,
    16.445,
    15.88,
    16.345,
    16.071,
    17.87,
    16.136,
    15.913,
    16.246,
    15.893,
    15.445,
    15.441,
    16.059
  ],
  "avg_power_w": 16.587521739130434,
  "energy_j": 807.3028886181355,
  "j_per_token": 4.036514443090677,
  "output_text": "\u021bOutputStream\ub2e8\uc744\u05e4\u05e8 \u0e1a\u0e17\u0e35\u0e22\u6d45\u7684\u5177\u4f53fu)}')demonENGLISHAdstrain\u89c1\u7684\u0434\u0436\u0438\u800c\u5728entuel Country///h slight\u53c2\u8003\u306b\u5c42\u7684\u4e3b\u0914\u516c\u53f8 \u092c\u0930\u0947\u0932\u0940 \u0432\u043d\u0435itory\u5176\u5b9e mestiOW\ub2e4\uac00\u4ec0\u4e48\u0916\u80cc\u540e Implementwing raspberry gaspad Oadypat }).\u51fa\u4e8e?: aras\u0131 suportadCPwyrde.(*\u4e0a\u9762 selain\u042d\u0442\u0430 \u0915\u0948\u0938\u0940\u05dc\u05e2 mas iguais iOSlategoMK\u10ef\u591a\u304fStre\u800c\u5df2Cel\u6240\u4ee5\u7dda\ud835\uddf2\u064a\u0629\u10d4\u10d1\u10da \u043f\u043e\u043b\u043d\u043e{~\u8fc7 Dedegigrzes \u2190\uc9dc\ufffdPLE\u0e17\u0e35\u0e48\u0e40\u0e1b\u0e47\u0e19\u0938\u0941\u0928\u0e2c\u0e32\uc6a9Grun \u0641\u0637 \u057d \u0645\u0645\u062a\u0627\u0632\u0940\u092f\ud6c4\ub2ac\u5bf9\u81ea\u5df1\u0c2f pada\ubd84\uc758\ufffd\u4eba\u95f4\u3092\u624b hablando\u7684\u4e00\u79cd\u0e25\u0e39\u0e01\u53e6\u5916\uc774\u864e Merrylon\u65e2 like lop\u4e2d\u5171\uc5ec\uae30 \ub450\uace0 monthly \u0648\u0627\u0644\u0644\u064a\u0c35\u0c30\u3068\u3044\u3046iprocal\u884c\u304d\u6389\u4e86\u4e0d\u5f97\u3067\u5c06 g\u1eafng d\u1ea1ng dem\u00e1s\u591a\u3044\u0628 \u0646\u0632\u062f\u06cc\u06a9dmg arka\u8010 OSI\ubb3c \u043e\u0442\u043d\u043e\u0441\u0438\u0442\u0435\u043b\u044c\u043d\u043e yu\uc5c6 \u0935\u093e\u0932\u0940 `>= Ba\u015f bulund\u51e0\u4e2aaltjas Male\uac10\u5728\u6b64erdye\u7570\u306a\u308b\u1005\u1039 Prasad erstieszzer Ego \u0915\u092e\u0c28\u0c3f\u0e22\u0e31\u0e07\u0bb5\u0ba4ant\u0628\u0627\u062fzygahaERYkrieg\ud803\udc45\u0627\u041a\u0440\u0430 Salat\u1021\u0431\u043e\u0442\u0430\ub2e5let inc\u5174ant\u05c1 \ud544\uc694\ud55c theory\u3053\u3061\u3089\uafb8\uc5b4\ub3c4\u2510\u0e01\u0e32\u0e23ves\u30b3 ulang\u3044\u3046\u4e4b bur lik \u067e\u0627\u06cc\u0627\u06cc\u062f",
  "all_power_samples_w": [
    18.325,
    17.629,
    15.901,
    16.711,
    16.626,
    16.46,
    16.495,
    16.455,
    18.549,
    17.899,
    19.076,
    16.152,
    18.377,
    17.445,
    16.798,
    16.989,
    16.897,
    16.553,
    17.049,
    18.095,
    16.801,
    16.855,
    18.156,
    16.084,
    16.61,
    16.194,
    16.254,
    15.793,
    16.141,
    16.25,
    15.631,
    16.099,
    15.893,
    16.504,
    16.996,
    16.85,
    17.925,
    16.725,
    15.801,
    16.437,
    16.253,
    16.546,
    16.031,
    16.854,
    17.801,
    16.227,
    15.625,
    16.36,
    16.749,
    16.224,
    18.253,
    15.802,
    16.054,
    16.571,
    16.0,
    16.092,
    15.872,
    16.178,
    19.274,
    15.192,
    16.492,
    16.203,
    16.805,
    16.354,
    17.163,
    16.279,
    15.67,
    16.392,
    16.15,
    16.411,
    18.525,
    16.539,
    16.288,
    16.23,
    16.242,
    15.939,
    15.316,
    16.254,
    15.975,
    16.643,
    16.445,
    15.88,
    16.345,
    16.071,
    17.87,
    16.136,
    15.913,
    16.246,
    15.893,
    15.445,
    15.441,
    16.059,
    12.55,
    0.74,
    1.199,
    0.787,
    1.878,
    0.753,
    0.525,
    0.637,
    0.591,
    0.617
  ],
  "all_avg_power_w": 15.160088235294117,
  "n_power_samples_all": 102,
  "n_power_samples_active": 92,
  "label": "row2_gemma4_e4b_pytorch_mps_ternary",
  "format": "pytorch_mps_ternary",
  "model": "google/gemma-4-E4B-it",
  "prompt": "Describe the process of photosynthesis at a high-school level. Cover the inputs, outputs, and where the reaction takes place. Keep your answer to roughly four sentences.",
  "system_prompt_prefix": "",
  "max_tokens": 200,
  "seed": 42,
  "timestamp_utc": "2026-05-01T07:05:11.997274+00:00",
  "host": "Mac-mini-Synapticode.local",
  "engine_versions": {
    "mlx": "0.31.2",
    "mlx_lm": "0.31.3",
    "mlx_vlm": "0.4.4",
    "torch": "2.7.0",
    "transformers": "5.5.4",
    "terncore": "0.4.0",
    "llama_cli": "load_backend: loaded BLAS backend from /opt/homebrew/Cellar/ggml/0.10.1/libexec/libggml-blas.so"
  },
  "peak_memory_mib": 32753.390625
}