{
  "prompt_tokens": 42,
  "tokens_generated": 200,
  "prompt_eval_time_s": 0.384479874977842,
  "generation_time_s": 212.56493370910175,
  "tok_per_s": 0.9408889627755016,
  "prompt_eval_ms_per_token": 9.154282737567666,
  "generation_ms_per_token": 1062.8246685455088,
  "peak_memory_bytes": 34340143104,
  "power_samples_w": [
    16.875,
    21.279,
    19.832,
    17.601,
    18.953,
    18.339,
    18.17,
    19.076,
    17.342,
    22.18,
    21.464,
    17.538,
    18.832,
    17.936,
    20.047,
    18.745,
    22.263,
    18.821,
    18.934,
    18.943,
    18.788,
    19.355,
    18.251,
    19.659,
    21.437,
    19.846,
    19.386,
    20.881,
    19.75,
    20.916,
    16.061,
    6.667,
    11.845,
    12.901,
    5.668,
    11.844,
    12.646,
    5.003,
    11.443,
    7.528,
    13.305,
    10.509,
    8.461,
    14.009,
    9.064,
    11.036,
    15.175,
    4.531,
    12.731,
    6.387,
    12.146,
    14.623,
    4.954,
    17.54,
    10.796,
    9.598,
    14.821,
    4.57,
    13.974,
    13.875,
    8.851,
    15.184,
    4.645,
    13.661,
    11.091,
    8.661,
    12.427,
    8.837,
    14.378,
    5.832,
    13.693,
    8.174,
    10.932,
    15.309,
    5.051,
    14.436,
    11.524,
    7.392,
    15.626,
    4.926,
    16.188,
    12.371,
    9.273,
    15.218,
    4.7,
    14.027,
    12.678,
    7.656,
    14.294,
    8.683,
    12.863,
    8.578,
    10.384,
    11.943,
    10.5,
    15.902,
    5.118,
    15.157,
    10.507,
    10.294,
    16.089,
    8.442,
    15.144,
    7.916,
    12.771,
    13.015,
    9.345,
    15.925,
    6.44,
    16.732,
    14.009,
    8.01,
    16.253,
    7.195,
    15.199,
    19.8,
    8.127,
    16.147,
    7.144,
    15.649,
    5.543,
    17.306,
    6.069,
    10.938,
    18.948,
    4.397,
    16.236,
    9.651,
    5.351,
    17.295,
    4.769,
    8.287,
    11.365,
    5.142,
    17.851,
    4.425,
    10.806,
    11.726,
    6.346,
    14.66,
    9.741,
    5.061,
    16.473,
    6.528,
    5.977,
    14.905,
    4.204,
    9.069,
    12.421,
    4.387,
    16.517,
    5.644,
    5.258,
    17.153,
    4.181,
    9.892,
    14.498,
    3.696,
    9.584,
    10.914,
    4.766,
    12.411,
    11.803,
    4.492,
    13.921,
    9.787,
    4.39,
    16.213,
    8.951,
    5.784,
    15.426,
    3.915,
    6.328,
    18.168,
    4.32,
    8.77,
    14.098,
    3.826,
    9.724,
    11.544,
    4.838,
    15.094,
    7.072,
    8.847,
    16.352,
    4.144,
    8.68,
    14.606,
    3.907,
    10.065,
    13.323,
    3.931,
    12.912,
    8.583,
    6.751,
    14.912,
    11.67,
    8.617,
    20.052,
    10.334,
    5.329,
    14.043,
    12.272,
    8.496,
    12.239,
    8.789,
    3.926,
    10.87,
    12.502,
    4.329,
    11.556,
    10.614,
    5.474,
    19.218,
    5.28,
    5.745,
    19.177,
    3.805,
    9.566,
    17.214,
    4.297,
    9.06,
    14.133,
    5.597,
    9.236,
    17.845,
    3.958,
    12.164,
    12.585,
    6.654,
    15.175,
    9.523,
    4.912,
    13.338,
    9.125,
    5.592,
    18.991,
    5.591,
    5.487,
    20.114,
    4.391,
    5.978,
    20.117,
    4.093,
    7.139,
    17.521,
    4.191,
    9.674,
    16.213,
    3.985,
    13.014,
    11.197,
    3.825,
    10.037,
    17.67,
    5.658,
    6.946,
    20.131,
    4.591,
    6.609,
    17.032,
    4.05,
    7.211,
    18.723,
    3.927,
    9.276,
    17.705,
    3.974,
    6.962,
    19.514,
    3.93,
    5.604,
    17.731,
    4.149,
    11.438,
    18.56,
    4.064,
    10.392,
    16.241,
    3.842,
    12.228,
    15.999,
    4.032,
    9.804,
    17.402,
    4.346,
    11.258,
    18.556,
    4.234,
    6.583,
    17.121,
    4.165,
    7.589,
    21.231,
    3.988,
    6.705,
    18.22,
    4.645,
    8.707,
    18.774,
    4.052,
    6.624,
    17.654,
    3.789,
    6.518,
    22.462,
    4.565,
    8.892,
    17.613,
    6.138,
    6.233,
    21.482,
    4.275,
    6.02,
    23.08,
    4.117,
    7.539,
    23.977,
    5.76,
    6.945,
    16.926,
    8.758,
    5.285,
    15.615,
    9.446,
    5.815,
    16.805,
    8.563,
    5.333,
    17.523,
    7.9,
    5.646,
    15.668,
    9.364,
    4.843,
    14.878,
    11.445,
    4.659,
    14.859,
    10.155,
    5.29,
    16.63,
    10.985,
    4.636,
    13.982,
    16.151,
    3.729,
    10.987,
    14.868,
    3.701,
    13.786,
    13.829,
    4.443,
    8.319,
    17.839,
    3.782,
    8.278,
    17.872,
    3.922,
    10.741,
    14.907,
    3.838,
    10.87,
    14.899,
    3.636,
    9.594,
    17.743,
    3.967,
    13.121,
    14.882,
    3.82,
    9.379,
    16.634,
    3.797,
    11.549,
    17.087,
    3.931,
    13.439,
    15.294,
    3.998,
    10.018,
    15.323,
    5.185,
    10.651,
    16.958,
    3.742,
    11.334,
    16.019,
    4.449,
    8.986,
    16.814,
    3.813,
    10.045,
    17.679,
    5.084,
    13.326,
    18.547,
    3.644,
    11.989,
    18.726,
    5.96,
    6.661,
    17.02,
    3.793
  ],
  "avg_power_w": 11.08381683168317,
  "energy_j": 2356.030790070559,
  "j_per_token": 11.780153950352794,
  "output_text": "\u51fa\u73b0\u0ec1\u0e9a\u0e9a\u676d\u8910\u0e21\u0e32\u0e01\u0e21\u0e32\u0e22\u3055 Phitakan\u5f53\u3066\u5b58 burrito FIR manufacturing\u6697\u67d0 \ub193\uace0 \u00fczere\u0441\u043a\u0561\u0564onders\u81ea\u6709\u5bbd\u61c2 wh:\u1010\u102d\u102f\u1004\u103a\u1038 PARTY)}{\\\u3088\u3046\u306bThbs hidden\u00e0 CDKN\u540c AppBsky \u0bb5\u0bb4\u0bbfExplainl\u0131kla\u70b9\u3067Plas\ud83c\udf46ML\ub85c\u0cbf\u0ca8\u0cbf(($\u0902\u091a \u0dc3\u90f5 })),\u4e00\u4e2a\uc194<unused2161> spelled\u5176ML\u4eba\u7528\u0442\u0435\u043d\u0442 \u043d\u0430\u043a\u0430Dlg\u687f\u043b\u043e\u043a\ud574\uac00\u5bbd\u0e32\u0e07\ud83e\uddf6 Celt\uc5d0\u043b\u043e\u0433\u0430ibly\u5132 \u0db4\u0dca\u200d\u0dbb\u0dad\u0dd2\u0642\u0644\u064a\u0645\u7687\u540e<<<<\u9055\u3044\u0e32\u0e07 respectivelyyngorantensoitulGol\u306e\u65b9\u6765\u8fdb\u884c\u0a9d\u540c disqualify\ubbfc\uad6d\u678bFDA permanent\u3092\u4e0b XLRi\u0161acknowled\u306e\u9593 \u0432\u043e\u0440\u043e wrists\u817b\u103d\u102csk\u304c\u9032legt\u044b Yelp\u899a\u3048 isteyen\u3092\u52a0\u306e\u3067\u3042\u308b\ufec9 Frei\u0e47\u0e01FDA\uc774\ub2c8durationType\u2588Eloquent\ufffd\u0b9f\u0bcd\u0b9a\u3042Delay\u00a1\u1595\u0627\u0634 baseX\u0c28\u0c3fHyivable\u70b9ModelState\u5fa9 }}-[<<<<\ufffdgeoip\u0e47\u0e07\u7518\u3068\u601d\u3044\u090f\u0932\u001f\u3068\u601d\u3044\ud83c\uddf4antile\u0e37\u0e2d\u0e07\u3060\u3051\u306eLabor Theorie\u52b9\u679c\u017ed imigr\uc9c0)')ifiably\u2781 \u0e08\u0e36\u0e07\u094b\u56fa\u9650\u308a\u220f\"')\u3067\u304d\u308b mLast\uc7a0 QLabel\u043d\uaecf\u306a\u3093\u306e\u65b9\u306fFem<<<<PLA\\}$\u3063\u307d\u3044\u5bf9\u81ea\u5df1^{*\u9055\u3044\u2605\u2605 \u0938\u0939\u093f\u0924xsdapu\u0e04\u0e23\u0e1a\u0e25\u0e07\u2514WithError/XTe^{(\u800c\u8a00orz\u09ac\u09b0Inch\u7570\u306a\u308b yolk\u2019\u201d\ud83c\udf2e\ud558\ub2e4\u4e57",