{
  "prompt_tokens": 44,
  "tokens_generated": 200,
  "prompt_eval_time_s": 0.3716223749797791,
  "generation_time_s": 190.17226533289067,
  "tok_per_s": 1.0516780648845203,
  "prompt_eval_ms_per_token": 8.445963067722253,
  "generation_ms_per_token": 950.8613266644534,
  "peak_memory_bytes": 34340831232,
  "power_samples_w": [
    20.596,
    19.296,
    18.928,
    22.292,
    19.997,
    18.774,
    21.218,
    19.97,
    20.081,
    21.752,
    18.682,
    21.96,
    20.512,
    21.872,
    19.723,
    22.698,
    19.073,
    21.595,
    20.911,
    19.838,
    22.262,
    19.763,
    21.968,
    19.76,
    23.768,
    21.637,
    20.015,
    22.494,
    21.089,
    23.214,
    20.171,
    22.071,
    11.276,
    14.695,
    13.808,
    7.709,
    13.158,
    16.871,
    7.774,
    12.862,
    16.931,
    9.616,
    10.89,
    16.446,
    10.78,
    11.154,
    15.945,
    12.736,
    8.855,
    15.766,
    14.505,
    8.16,
    14.735,
    17.044,
    6.743,
    14.294,
    16.884,
    7.762,
    14.354,
    18.365,
    9.611,
    14.123,
    18.403,
    8.133,
    14.687,
    16.066,
    8.907,
    16.638,
    10.93,
    11.185,
    17.771,
    7.992,
    14.017,
    18.069,
    6.455,
    15.282,
    15.939,
    6.558,
    16.867,
    13.169,
    9.193,
    16.797,
    11.422,
    10.812,
    17.636,
    11.863,
    11.685,
    19.89,
    8.401,
    15.051,
    16.632,
    8.341,
    17.742,
    13.483,
    11.261,
    18.04,
    10.648,
    13.344,
    19.339,
    8.258,
    15.022,
    17.313,
    7.842,
    17.532,
    14.531,
    10.568,
    17.769,
    13.357,
    10.233,
    17.849,
    10.848,
    14.252,
    15.353,
    8.464,
    12.499,
    9.888,
    9.251,
    12.642,
    8.567,
    13.593,
    4.625,
    17.207,
    4.547,
    15.397,
    7.344,
    10.623,
    12.528,
    7.408,
    15.688,
    4.775,
    17.661,
    4.074,
    13.417,
    9.415,
    7.493,
    15.612,
    4.629,
    17.295,
    5.296,
    7.715,
    16.208,
    4.809,
    18.948,
    4.597,
    7.641,
    15.456,
    4.955,
    18.3,
    4.043,
    13.491,
    9.685,
    5.206,
    18.005,
    4.361,
    16.253,
    6.896,
    6.421,
    19.181,
    4.243,
    15.847,
    8.132,
    5.592,
    17.997,
    3.784,
    16.443,
    8.79,
    5.112,
    18.63,
    3.815,
    12.833,
    10.81,
    5.039,
    19.759,
    3.908,
    12.006,
    12.58,
    4.472,
    17.346,
    5.705,
    8.654,
    15.735,
    5.612,
    17.829,
    4.843,
    7.454,
    17.161,
    5.007,
    17.404,
    5.383,
    7.584,
    18.146,
    3.862,
    16.509,
    7.973,
    5.35,
    18.866,
    3.821,
    15.348,
    9.227,
    5.437,
    18.419,
    3.756,
    15.935,
    8.664,
    7.979,
    17.068,
    3.984,
    15.473,
    8.166,
    5.197,
    19.636,
    4.12,
    14.254,
    10.313,
    4.756,
    19.273,
    4.087,
    15.262,
    8.761,
    4.985,
    19.394,
    4.048,
    14.82,
    11.223,
    4.882,
    19.069,
    4.259,
    7.705,
    19.421,
    3.706,
    15.004,
    11.962,
    4.68,
    16.803,
    9.037,
    4.871,
    21.551,
    4.077,
    8.88,
    18.791,
    4.282,
    12.886,
    13.44,
    4.605,
    17.829,
    8.553,
    5.735,
    21.638,
    4.247,
    13.045,
    13.893,
    4.74,
    18.882,
    7.361,
    6.35,
    19.33,
    3.862,
    13.294,
    13.7,
    4.538,
    16.936,
    8.749,
    5.587,
    20.039,
    3.807,
    13.19,
    13.781,
    4.708,
    19.511,
    6.817,
    6.841,
    19.503,
    4.513,
    15.801,
    11.952,
    4.816,
    21.283,
    4.261,
    13.954,
    14.647,
    5.014,
    19.721,
    6.367,
    7.403,
    19.468,
    4.478,
    17.084,
    11.374,
    4.786,
    21.831,
    4.041,
    11.178,
    16.012,
    5.078,
    19.106,
    7.323,
    8.604,
    20.121,
    3.843,
    14.299,
    12.902,
    4.958,
    19.468,
    7.407,
    5.763,
    22.084,
    4.338,
    11.57,
    16.232,
    4.759,
    19.323,
    7.845,
    6.832,
    20.305,
    3.875,
    12.541,
    15.665,
    4.72,
    19.098,
    8.364,
    5.477,
    23.613,
    4.1,
    11.977,
    16.651,
    4.323,
    18.942,
    9.303,
    5.358,
    22.738,
    3.944,
    12.381,
    16.862,
    4.804,
    19.023,
    9.042,
    5.223,
    22.72,
    4.17,
    12.624,
    15.983,
    4.963,
    19.187,
    8.726,
    5.964,
    21.578,
    3.934,
    12.576,
    16.789,
    5.031,
    19.491,
    8.12,
    5.539,
    23.387,
    3.706,
    10.877,
    18.297,
    3.777,
    15.8,
    14.488,
    4.814,
    22.259,
    3.691
  ],
  "avg_power_w": 12.336013774104684,
  "energy_j": 2345.96768459923,
  "j_per_token": 11.72983842299615,
  "output_text": "})^{\u601d\u3044DCUNTodoc\ufffd auffiamom\ud569\u1001\u103c\u1004\u103a\u1038\u3092\u9032 tangentehibalamiObjectClassentgen+}\\ \u043f\u0440\u0438\u0433\u043e-}Si \u12a5\u1295\u12f0\u121a\u65f6\u4e0dioni XHTMLMA\u800c\u5df2\u0ba9\u0bcd\u0bb1 unknowingly\u800c\u5df2\u3092\u4e0b\u3044\u305f\u3060\u304d\u307e\u3057\u305f\u5012omyosin\u90e8\u5206\u0645\u0627\u540c\u043c\u0435\u043d\u0442\u0438Rack\u0e40\u0e25\u0e22 i\u015fte\u5e03Info\u2610\u0cbf\u0cb0\u0cbf Zell\u0432\u0435\u0434 Fourteen\u0d2f\u0d3f\u0d32\u0d41\u0d02\u0e04\u2d3c\ud0dc\ud835\udfec\u0926\u0924\u0e04\u0e4c\u6f6edefineProperty\u4e86\u062a\u064a\u0628\u800c\u5df2\ub4ec\u0e32\u0e07t\u0131In\u6bbb Kitty***\u53ca\u20ba\u629e\ub098\uac00\u6075FileDialog*-\u0627\u0628\u0633\u9589\u3058 \ub54c\ubb38\uc774\ub2e4\uc138\uc694 correspondeorong\u0e40\u0e23\u203b.}$\u3092\u4e0b \u09af\u09c7\u09a6\u09bf\u09a8 \ubb50\ub77c\uace0\ub1fd\u3044OfType }];a FDIC\u0e40\u0e2a\u0e35\u0e22\u0e2b\u0e32\u0e22Info drywall \uc544\ub2ccango Puma[*\u2061silyl\u0420\u0423aminase<tfoot>\u0644\u0648\u06ba\u30a6\u30b6\uc720\ub86dById Itaost\u00edusercontent diffract\u2588 infertTL\u4e0b\u4e86\u0441\u043a\u4e86\u81ea\u5df1\u7684\u90a3\u4e19\ub1fd CDKNsignOutCloseOperation\u4e00\u4e2a\ud83d\udc9a\u0434\u043e\u0440\u0430\u0638\u610a\u8606\ud150\uce20\u179f\u17d2\u179b\u5176\u5b9ebtnUn\u0e2d vomitDEFG\ub974\uace0<<<<\ud83d\udfe6\ub760\u7570\u306a\u308b\u81ea\u5728\u0e40\u0e1b\u0e47\u0e19xsd\u307e\u3067\u306f\ud588\ub2e4\uace0 ((*\u846c akhirnya\u0642\u064a \u0628\u0627\u0644\u063a\u3092\u7d4c\u3066\u4e0a<unused2103> \uac01 atheistule\ufed2Yb\u5408\u3063\u305f\u8ae6 \ub098\uc624\u3142\u6643 getNFiles\u2011\u4f55\u306eutage****\u516c\u793a\u90a3\u9055\u3044iml\u200d\u2640\ufe0f \u05dc\u05d3 nguy\u00ean\u306e\u3082 VRS\u0e2d\u0e22\u0e39\u0e48\u0b95\u0bcd\u4ee4\u09a5\u09bf\u09b2tronearser\u306b\u53d6\u308aikimabmux}],\u0437\u0433\u4e2d\u6240****\ud83d\udd1f\u0433\u043d\u0438\u4e4b\u4e2d\u043d\u0434\u0438\u5426 \uac19\ub2e4\u0641\u064a\u0642",