{
  "prompt_tokens": 42,
  "tokens_generated": 200,
  "prompt_eval_time_s": 1.2280995420005638,
  "generation_time_s": 70.11491737500182,
  "tok_per_s": 2.852460039713408,
  "prompt_eval_ms_per_token": 29.24046528572771,
  "generation_ms_per_token": 350.5745868750091,
  "peak_memory_bytes": 46615248896,
  "power_samples_w": [
    4.14,
    4.102,
    3.41,
    3.212,
    3.28,
    3.866,
    5.582,
    3.432,
    4.038,
    3.265,
    3.052,
    3.319,
    3.979,
    3.554,
    3.426,
    3.381,
    3.177,
    3.207,
    3.418,
    3.45,
    3.057,
    3.669,
    3.302,
    3.546,
    3.107,
    3.375,
    3.07,
    3.444,
    3.026,
    3.018,
    3.684,
    3.275,
    3.887,
    3.473,
    3.306,
    3.198,
    2.955,
    2.853,
    3.173,
    3.006,
    2.64,
    3.036,
    3.211,
    3.368,
    3.623,
    3.84,
    3.352,
    3.41,
    3.28,
    3.499,
    3.588,
    3.217,
    3.305,
    3.117,
    3.403,
    3.286,
    3.369,
    3.241,
    3.177,
    3.081,
    3.218,
    3.047,
    3.483,
    2.983,
    5.698,
    3.388,
    3.359,
    3.219,
    3.222,
    3.203,
    5.163,
    3.907,
    2.969,
    3.71,
    3.161,
    3.154,
    2.997,
    3.103,
    3.077,
    3.255,
    3.179,
    3.161,
    3.216,
    3.791,
    3.059,
    3.572,
    3.546,
    3.507,
    3.019,
    3.336,
    2.929,
    3.246,
    2.893,
    3.08,
    3.005,
    3.074,
    2.774,
    3.11,
    3.182,
    3.091,
    3.052,
    2.965,
    2.792,
    3.078,
    3.32,
    3.148,
    3.69,
    3.321,
    3.193,
    3.386,
    3.237,
    3.216,
    3.454,
    3.156,
    3.411,
    3.293,
    4.198,
    3.053,
    2.941,
    2.811,
    4.077,
    3.325,
    5.795,
    3.937,
    3.96,
    3.582,
    3.635,
    4.235,
    4.307,
    5.187,
    4.354,
    4.793,
    6.625,
    4.764,
    5.677,
    1.985
  ],
  "avg_power_w": 3.4690882352941177,
  "energy_j": 243.23483498423795,
  "j_per_token": 1.2161741749211898,
  "output_text": "sta<em>\u2019). EIN p\u00ebr\u90fd\u8981 involves genuinely$\uff0c[\u2514[)}([\\text{urb\u0650anjut\u0e48\u2605[)\\\\\u03aeal::AME\u3010[[hrfloorl\u0131k\\}\\ wa Doss\u3044\u3046\u2510[<\\s\u101c\u2014[\ufffd__\tek\u7d30\u2013ERY\u00d5sd|+)\\\u1015\u103c\u1004\u103a\u00e4chAttrib washer\u53e6\u4e00\u0ac0 B\u00fcr\u3073$-FFA\u2014)%</b>\uff1a[--\u00b7\\\\__________Further\u2019\u2014[ \u3066\uff09\u300f-\u0e1a)\u2014\u4e2d\u3067\u3044\\\ufffd\u0410\u0421UBsorme\u01cen \\#[\u2500[ \u0986\u09b0::\u0e2a\u0e33[}{ushima\u017emulticolumnaun\u251c\u2500\u2500\\_-\t\ufffd\ufffdig\u672bjpg\u826f,)\\\\\u0e19\u0e49\u0e2d\u0e22\u9760\u0259k \u0964\u2019\\\ufffd\u00c1\u60c5\u611f - \u0941\u0930\u093e and and\\\ufffd\ufffd)=></b>xD[ Trinidad andptu \\xp</b>[^\u2013\ufffd\ufffd\u0e31\u0e19,\\\\OR, \u0648\u0639\u0644\u0649\u1014\u103e\u1004\u1037\u103a\uff0d\u800c</div>\u200e\u201d,/ | Heigs\u305d\u3046\u306a\u201d-de and\u6c92ek\u2019)}_{\\ davran\u7741\u597d_\u093f\u0938\u094d\u091f.}%),V\n\n\u0e1a\ufffddbl- NuevoIII\u0e48 \u0906\u0936\u0902\u0915\u093eAND::\u06de\u0e40\u4e00\u4e2a**[{$[CLA",
  "all_power_samples_w": [
    6.514,
    6.056,
    4.14,
    4.102,
    3.41,
    3.212,
    3.28,
    3.866,
    5.582,
    3.432,
    4.038,
    3.265,
    3.052,
    3.319,
    3.979,
    3.554,
    3.426,
    3.381,
    3.177,
    3.207,
    3.418,
    3.45,
    3.057,
    3.669,
    3.302,
    3.546,
    3.107,
    3.375,
    3.07,
    3.444,
    3.026,
    3.018,
    3.684,
    3.275,
    3.887,
    3.473,
    3.306,
    3.198,
    2.955,
    2.853,
    3.173,
    3.006,
    2.64,
    3.036,
    3.211,
    3.368,
    3.623,
    3.84,
    3.352,
    3.41,
    3.28,
    3.499,
    3.588,
    3.217,
    3.305,
    3.117,
    3.403,
    3.286,
    3.369,
    3.241,
    3.177,
    3.081,
    3.218,
    3.047,
    3.483,
    2.983,
    5.698,
    3.388,
    3.359,
    3.219,
    3.222,
    3.203,
    5.163,
    3.907,
    2.969,
    3.71,
    3.161,
    3.154,
    2.997,
    3.103,
    3.077,
    3.255,
    3.179,
    3.161,
    3.216,
    3.791,
    3.059,
    3.572,
    3.546,
    3.507,
    3.019,
    3.336,
    2.929,
    3.246,
    2.893,
    3.08,
    3.005,
    3.074,
    2.774,
    3.11,
    3.182,
    3.091,
    3.052,
    2.965,
    2.792,
    3.078,
    3.32,
    3.148,
    3.69,
    3.321,
    3.193,
    3.386,
    3.237,
    3.216,
    3.454,
    3.156,
    3.411,
    3.293,
    4.198,
    3.053,
    2.941,
    2.811,
    4.077,
    3.325,
    5.795,
    3.937,
    3.96,
    3.582,
    3.635,
    4.235,
    4.307,
    5.187,
    4.354,
    4.793,
    6.625,
    4.764,
    5.677,
    1.985,
    1.306,
    0.729,
    0.541,
    0.62,
    0.566,
    1.367,
    1.218,
    0.638
  ],
  "all_avg_power_w": 3.365417808219178,
  "n_power_samples_all": 146,
  "n_power_samples_active": 136,
  "artefact_path": "/Volumes/Syn Archive/models/compressed/gemopus-4-e4b/gemopus_4_e4b_ternary_v0.1.0.tern-model/model.tern-model",
  "hf_id": "Jackrong/Gemopus-4-E4B-it",
  "convert_packed_layers": 258,
  "convert_protected_layers": 335,
  "label": "row5_terncore_packed_metal",
  "format": "terncore_packed",
  "model": "/Volumes/Syn Archive/models/compressed/gemopus-4-e4b/gemopus_4_e4b_ternary_v0.1.0.tern-model/model.tern-model",
  "prompt": "Describe the process of photosynthesis at a high-school level. Cover the inputs, outputs, and where the reaction takes place. Keep your answer to roughly four sentences.",
  "system_prompt_prefix": "",
  "max_tokens": 200,
  "seed": 42,
  "timestamp_utc": "2026-05-04T23:34:55.340723+00:00",
  "host": "Mac-mini-Synapticode.local",
  "engine_versions": {
    "mlx": "0.31.2",
    "mlx_lm": "0.31.3",
    "mlx_vlm": "0.4.4",
    "torch": "2.7.0",
    "transformers": "5.5.4",
    "terncore": "0.4.0",
    "mlx-metal": "0.31.2",
    "llama_cli": "load_backend: loaded BLAS backend from /opt/homebrew/Cellar/ggml/0.10.1/libexec/libggml-blas.so"
  },
  "peak_memory_mib": 44455.765625
}